[{
		"section_name": "Front right",
		"seating": [{
				"row": "1",
				"seats": [
					"1",
					"2",
					"3",
					"4"
				]
			},
			{
				"row": "2",
				"seats": [
					"1",
					"2",
					"3",
					"4"
				]
			},
			{
				"row": "3",
				"seats": [
					"1",
					"2",
					"3",
					"4"
				]
			},
			{
				"row": "4",
				"seats": [
					"1",
					"2",
					"3",
					"4"
				]
			}
		]
	},
	{
		"section_name": "Front center",
		"seating": [{
				"row": "1",
				"seats": [
					"5",
					"6",
					"7",
					"8"
				]
			},
			{
				"row": "2",
				"seats": [
					"5",
					"6",
					"7",
					"8"
				]
			},
			{
				"row": "3",
				"seats": [
					"5",
					"6",
					"7",
					"8",
					"9"
				]
			},
			{
				"row": "4",
				"seats": [
					"5",
					"6",
					"7",
					"8",
					"9",
					"10"
				]
			}
		]
	},
	{
		"section_name": "Front left",
		"seating": [{
				"row": "1",
				"seats": [
					"9",
					"10",
					"11",
					"12"
				]
			},
			{
				"row": "2",
				"seats": [
					"9",
					"10",
					"11",
					"12"
				]
			},
			{
				"row": "3",
				"seats": [
					"10",
					"11",
					"12",
					"13"
				]
			},
			{
				"row": "4",
				"seats": [
					"11",
					"12",
					"13",
					"14"
				]
			}
		]
	},

	{
		"section_name": "Main right",
		"seating": [{
				"row": "5",
				"seats": [
					"1",
					"2",
					"3",
					"4",
					"5"
				]
			},
			{
				"row": "6",
				"seats": [
					"1",
					"2",
					"3",
					"4",
					"5"
				]
			},
			{
				"row": "7",
				"seats": [
					"1",
					"2",
					"3",
					"4",
					"5"
				]
			}
		]
	},
	{
		"section_name": "Main center",
		"seating": [{
				"row": "5",
				"seats": [
					"6",
					"7",
					"8",
					"9",
					"10",
					"11"
				]
			},
			{
				"row": "6",
				"seats": [
					"6",
					"7",
					"8",
					"9",
					"10",
					"11",
					"12"
				]
			},
			{
				"row": "7",
				"seats": [
					"6",
					"7",
					"8",
					"9",
					"10",
					"11",
					"12",
					"13"
				]
			}
		]
	},
	{
		"section_name": "Main left",
		"seating": [{
				"row": "5",
				"seats": [
					"12",
					"13",
					"14",
					"15",
					"16"
				]
			},
			{
				"row": "6",
				"seats": [
					"13",
					"14",
					"15",
					"16",
					"17"
				]
			},
			{
				"row": "7",
				"seats": [
					"14",
					"15",
					"16",
					"17",
					"18"
				]
			}
		]
	}
]